{
  "trained_at": "2026-04-27T22:37:38",
  "rows": 12000,
  "features": [
    "age",
    "monthly_income",
    "loan_amount",
    "loan_term_months",
    "credit_history_years",
    "late_payments_12m",
    "existing_debt",
    "num_credit_cards",
    "credit_utilization",
    "employment_years",
    "employment_type",
    "home_ownership",
    "loan_purpose",
    "collateral_type",
    "number_of_dependents",
    "recent_credit_inquiries"
  ],
  "target_rate_default": 0.2403,
  "accuracy": 0.8179,
  "roc_auc": 0.8027,
  "precision": 0.6977,
  "recall": 0.4281,
  "f1": 0.5306,
  "confusion_matrix": [
    [
      1716,
      107
    ],
    [
      330,
      247
    ]
  ],
  "classification_report": {
    "0": {
      "precision": 0.8387096774193549,
      "recall": 0.9413055403181568,
      "f1-score": 0.8870509175497545,
      "support": 1823.0
    },
    "1": {
      "precision": 0.6977401129943502,
      "recall": 0.42807625649913345,
      "f1-score": 0.5306122448979592,
      "support": 577.0
    },
    "accuracy": 0.8179166666666666,
    "macro avg": {
      "precision": 0.7682248952068526,
      "recall": 0.6846908984086452,
      "f1-score": 0.7088315812238568,
      "support": 2400.0
    },
    "weighted avg": {
      "precision": 0.8048182446388433,
      "recall": 0.8179166666666666,
      "f1-score": 0.8013571199997187,
      "support": 2400.0
    }
  }
}